<Anims>
 <anim name="idle_90s" root="bell" numframes="125" framerate="40">
  <frame idx="0" w="165" h="201" x="-1.574471" y="-41.598526">
   <element name="bell01" layername="bel" frame="0" z_index="2" m_a="1.000000" m_b="0.000000" m_c="0.000000" m_d="1.000000" m_tx="1.650000" m_ty="-44.249001"/>
  </frame>
  <frame idx="25" w="165" h="201" x="-1.574471" y="-41.598526">
   <element name="bell01" layername="bel" frame="0" z_index="2" m_a="1.000000" m_b="0.000000" m_c="0.000000" m_d="1.000000" m_tx="1.650000" m_ty="-44.249001"/>
  </frame>
  <frame idx="50" w="165" h="201" x="-1.574471" y="-41.598526">
   <element name="bell01" layername="bel" frame="0" z_index="2" m_a="1.000000" m_b="0.000000" m_c="0.000000" m_d="1.000000" m_tx="1.650000" m_ty="-44.249001"/>
  </frame>
  <frame idx="75" w="165" h="201" x="-1.574471" y="-41.598526">
   <element name="bell01" layername="bel" frame="0" z_index="2" m_a="1.000000" m_b="0.000000" m_c="0.000000" m_d="1.000000" m_tx="1.650000" m_ty="-44.249001"/>
  </frame>
  <frame idx="100" w="165" h="201" x="-1.574471" y="-41.598526">
   <element name="bell01" layername="bel" frame="0" z_index="2" m_a="1.000000" m_b="0.000000" m_c="0.000000" m_d="1.000000" m_tx="1.650000" m_ty="-44.249001"/>
  </frame>
 </anim>
 <anim name="sparkle_90s" root="bell" numframes="600" framerate="40">
  <frame idx="0" w="200" h="255" x="-12.012009" y="-57.785973">
   <element name="sparkle" layername="sparkle" frame="0" z_index="1" m_a="0.082687" m_b="0.000000" m_c="0.000000" m_d="0.082687" m_tx="11.550000" m_ty="-49.999001"/>
   <element name="bell01" layername="bel" frame="0" z_index="2" m_a="1.000000" m_b="0.000000" m_c="0.000000" m_d="1.000000" m_tx="1.650000" m_ty="-44.249001"/>
  </frame>
  <frame idx="25" w="202" h="255" x="-12.585175" y="-57.785973">
   <element name="sparkle" layername="sparkle" frame="0" z_index="1" m_a="0.088396" m_b="0.006293" m_c="-0.006293" m_d="0.088396" m_tx="11.586765" m_ty="-49.999001"/>
   <element name="bell01" layername="bel" frame="0" z_index="2" m_a="1.000000" m_b="0.000000" m_c="0.000000" m_d="1.000000" m_tx="1.650000" m_ty="-44.249001"/>
  </frame>
  <frame idx="50" w="207" h="255" x="-14.292694" y="-57.773857">
   <element name="sparkle" layername="sparkle" frame="0" z_index="1" m_a="0.099615" m_b="0.024400" m_c="-0.024400" m_d="0.099615" m_tx="11.575758" m_ty="-49.974758"/>
   <element name="bell01" layername="bel" frame="0" z_index="2" m_a="1.000000" m_b="0.000000" m_c="0.000000" m_d="1.000000" m_tx="1.650000" m_ty="-44.249001"/>
  </frame>
  <frame idx="75" w="219" h="255" x="-17.760071" y="-57.767036">
   <element name="sparkle" layername="sparkle" frame="0" z_index="1" m_a="0.108859" m_b="0.061150" m_c="-0.061150" m_d="0.108859" m_tx="11.550000" m_ty="-49.961121"/>
   <element name="bell01" layername="bel" frame="0" z_index="2" m_a="1.000000" m_b="0.000000" m_c="0.000000" m_d="1.000000" m_tx="1.650000" m_ty="-44.249001"/>
  </frame>
  <frame idx="100" w="237" h="255" x="-23.302994" y="-57.785973">
   <element name="sparkle" layername="sparkle" frame="0" z_index="1" m_a="0.098511" m_b="0.120117" m_c="-0.120117" m_d="0.098511" m_tx="11.550000" m_ty="-49.999001"/>
   <element name="bell01" layername="bel" frame="0" z_index="2" m_a="1.000000" m_b="0.000000" m_c="0.000000" m_d="1.000000" m_tx="1.650000" m_ty="-44.249001"/>
  </frame>
  <frame idx="125" w="260" h="255" x="-30.246201" y="-57.785973">
   <element name="sparkle" layername="sparkle" frame="0" z_index="1" m_a="0.035664" m_b="0.193981" m_c="-0.193981" m_d="0.035664" m_tx="11.550000" m_ty="-49.999001"/>
   <element name="bell01" layername="bel" frame="0" z_index="2" m_a="1.000000" m_b="0.000000" m_c="0.000000" m_d="1.000000" m_tx="1.650000" m_ty="-44.249001"/>
  </frame>
  <frame idx="150" w="306" h="286" x="-44.272949" y="-67.451736">
   <element name="sparkle" layername="sparkle" frame="0" z_index="1" m_a="-0.102827" m_b="0.225059" m_c="-0.225059" m_d="-0.102827" m_tx="11.550000" m_ty="-49.999001"/>
   <element name="bell01" layername="bel" frame="0" z_index="2" m_a="1.000000" m_b="0.000000" m_c="0.000000" m_d="1.000000" m_tx="1.650000" m_ty="-44.249001"/>
  </frame>
  <frame idx="175" w="339" h="340" x="-54.053131" y="-84.023750">
   <element name="sparkle" layername="sparkle" frame="0" z_index="1" m_a="-0.279190" m_b="0.126410" m_c="-0.126410" m_d="-0.279190" m_tx="11.537879" m_ty="-49.986881"/>
   <element name="bell01" layername="bel" frame="0" z_index="2" m_a="1.000000" m_b="0.000000" m_c="0.000000" m_d="1.000000" m_tx="1.650000" m_ty="-44.249001"/>
  </frame>
  <frame idx="200" w="324" h="413" x="-49.387680" y="-105.741058">
   <element name="sparkle" layername="sparkle" frame="0" z_index="1" m_a="-0.345840" m_b="-0.143251" m_c="0.143251" m_d="-0.345840" m_tx="11.500000" m_ty="-49.949001"/>
   <element name="bell01" layername="bel" frame="0" z_index="2" m_a="1.000000" m_b="0.000000" m_c="0.000000" m_d="1.000000" m_tx="1.650000" m_ty="-44.249001"/>
  </frame>
  <frame idx="225" w="238" h="444" x="-23.653427" y="-115.295837">
   <element name="sparkle" layername="sparkle" frame="0" z_index="1" m_a="-0.107730" m_b="-0.438625" m_c="0.438625" m_d="-0.107730" m_tx="11.536765" m_ty="-50.022530"/>
   <element name="bell01" layername="bel" frame="0" z_index="2" m_a="1.000000" m_b="0.000000" m_c="0.000000" m_d="1.000000" m_tx="1.650000" m_ty="-44.249001"/>
  </frame>
  <frame idx="250" w="200" h="387" x="-12.012016" y="-97.841087">
   <element name="sparkle" layername="sparkle" frame="0" z_index="1" m_a="0.390521" m_b="-0.370761" m_c="0.370761" m_d="0.390521" m_tx="11.550000" m_ty="-50.024757"/>
   <element name="bell01" layername="bel" frame="0" z_index="2" m_a="1.000000" m_b="0.000000" m_c="0.000000" m_d="1.000000" m_tx="1.650000" m_ty="-44.249001"/>
  </frame>
  <frame idx="275" w="262" h="255" x="-30.810669" y="-57.785973">
   <element name="sparkle" layername="sparkle" frame="0" z_index="1" m_a="0.535545" m_b="0.199986" m_c="-0.199986" m_d="0.535545" m_tx="11.550000" m_ty="-49.999001"/>
   <element name="bell01" layername="bel" frame="0" z_index="2" m_a="1.000000" m_b="0.000000" m_c="0.000000" m_d="1.000000" m_tx="1.650000" m_ty="-44.249001"/>
  </frame>
  <frame idx="300" w="348" h="255" x="-56.873428" y="-57.785973">
   <element name="sparkle" layername="sparkle" frame="0" z_index="1" m_a="0.046231" m_b="0.477249" m_c="-0.477249" m_d="0.046231" m_tx="11.550000" m_ty="-49.999001"/>
   <element name="bell01" layername="bel" frame="0" z_index="2" m_a="1.000000" m_b="0.000000" m_c="0.000000" m_d="1.000000" m_tx="1.650000" m_ty="-44.249001"/>
  </frame>
  <frame idx="325" w="390" h="347" x="-69.588074" y="-85.953560">
   <element name="sparkle" layername="sparkle" frame="0" z_index="1" m_a="-0.299655" m_b="0.268227" m_c="-0.268227" m_d="-0.299655" m_tx="11.550000" m_ty="-49.999001"/>
   <element name="bell01" layername="bel" frame="0" z_index="2" m_a="1.000000" m_b="0.000000" m_c="0.000000" m_d="1.000000" m_tx="1.650000" m_ty="-44.249001"/>
  </frame>
  <frame idx="350" w="317" h="371" x="-47.445053" y="-93.297325">
   <element name="sparkle" layername="sparkle" frame="0" z_index="1" m_a="-0.328084" m_b="-0.043142" m_c="0.043142" m_d="-0.328084" m_tx="11.550000" m_ty="-50.023243"/>
   <element name="bell01" layername="bel" frame="0" z_index="2" m_a="1.000000" m_b="0.000000" m_c="0.000000" m_d="1.000000" m_tx="1.650000" m_ty="-44.249001"/>
  </frame>
  <frame idx="375" w="259" h="380" x="-29.923569" y="-96.020996">
   <element name="sparkle" layername="sparkle" frame="0" z_index="1" m_a="-0.165848" m_b="-0.209504" m_c="0.209504" m_d="-0.165848" m_tx="11.550000" m_ty="-50.036880"/>
   <element name="bell01" layername="bel" frame="0" z_index="2" m_a="1.000000" m_b="0.000000" m_c="0.000000" m_d="1.000000" m_tx="1.650000" m_ty="-44.249001"/>
  </frame>
  <frame idx="400" w="200" h="329" x="-12.012009" y="-80.715569">
   <element name="sparkle" layername="sparkle" frame="0" z_index="1" m_a="-0.000000" m_b="-0.212311" m_c="0.212311" m_d="-0.000000" m_tx="11.550000" m_ty="-49.999001"/>
   <element name="bell01" layername="bel" frame="0" z_index="2" m_a="1.000000" m_b="0.000000" m_c="0.000000" m_d="1.000000" m_tx="1.650000" m_ty="-44.249001"/>
  </frame>
  <frame idx="425" w="200" h="307" x="-12.012016" y="-73.893761">
   <element name="sparkle" layername="sparkle" frame="0" z_index="1" m_a="0.082463" m_b="-0.149146" m_c="0.149146" m_d="0.082463" m_tx="11.550000" m_ty="-49.999001"/>
   <element name="bell01" layername="bel" frame="0" z_index="2" m_a="1.000000" m_b="0.000000" m_c="0.000000" m_d="1.000000" m_tx="1.650000" m_ty="-44.249001"/>
  </frame>
  <frame idx="450" w="200" h="283" x="-12.012016" y="-66.614555">
   <element name="sparkle" layername="sparkle" frame="0" z_index="1" m_a="0.108482" m_b="-0.081746" m_c="0.081746" m_d="0.108482" m_tx="11.550000" m_ty="-49.999001"/>
   <element name="bell01" layername="bel" frame="0" z_index="2" m_a="1.000000" m_b="0.000000" m_c="0.000000" m_d="1.000000" m_tx="1.650000" m_ty="-44.249001"/>
  </frame>
  <frame idx="475" w="200" h="267" x="-12.012016" y="-61.506630">
   <element name="sparkle" layername="sparkle" frame="0" z_index="1" m_a="0.103623" m_b="-0.034450" m_c="0.034450" m_d="0.103623" m_tx="11.550000" m_ty="-49.999001"/>
   <element name="bell01" layername="bel" frame="0" z_index="2" m_a="1.000000" m_b="0.000000" m_c="0.000000" m_d="1.000000" m_tx="1.650000" m_ty="-44.249001"/>
  </frame>
  <frame idx="500" w="200" h="257" x="-12.012024" y="-58.731895">
   <element name="sparkle" layername="sparkle" frame="0" z_index="1" m_a="0.090332" m_b="-0.008759" m_c="0.008759" m_d="0.090332" m_tx="11.550000" m_ty="-49.999001"/>
   <element name="bell01" layername="bel" frame="0" z_index="2" m_a="1.000000" m_b="0.000000" m_c="0.000000" m_d="1.000000" m_tx="1.650000" m_ty="-44.249001"/>
  </frame>
  <frame idx="525" w="200" h="255" x="-12.012009" y="-58.020332">
   <element name="sparkle" layername="sparkle" frame="0" z_index="1" m_a="0.084795" m_b="-0.002170" m_c="0.002170" m_d="0.084795" m_tx="11.550000" m_ty="-49.999001"/>
   <element name="bell01" layername="bel" frame="0" z_index="2" m_a="1.000000" m_b="0.000000" m_c="0.000000" m_d="1.000000" m_tx="1.650000" m_ty="-44.249001"/>
  </frame>
  <frame idx="550" w="200" h="255" x="-12.012009" y="-57.785973">
   <element name="sparkle" layername="sparkle" frame="0" z_index="1" m_a="0.082687" m_b="0.000000" m_c="0.000000" m_d="0.082687" m_tx="11.550000" m_ty="-49.999001"/>
   <element name="bell01" layername="bel" frame="0" z_index="2" m_a="1.000000" m_b="0.000000" m_c="0.000000" m_d="1.000000" m_tx="1.650000" m_ty="-44.249001"/>
  </frame>
  <frame idx="575" w="200" h="255" x="-12.012009" y="-57.785973">
   <element name="sparkle" layername="sparkle" frame="0" z_index="1" m_a="0.082687" m_b="0.000000" m_c="0.000000" m_d="0.082687" m_tx="11.550000" m_ty="-49.999001"/>
   <element name="bell01" layername="bel" frame="0" z_index="2" m_a="1.000000" m_b="0.000000" m_c="0.000000" m_d="1.000000" m_tx="1.650000" m_ty="-44.249001"/>
  </frame>
 </anim>
</Anims>
