<Anims>
 <anim name="idle" root="brightmare_gestalt_head_evolved" numframes="800" framerate="40">
  <frame idx="0" w="362" h="709" x="-15.628036" y="-141.052856">
   <element name="head_fx_big" layername="head_fx_big" frame="0" z_index="0" m_a="1.000000" m_b="0.000000" m_c="0.000000" m_d="1.000000" m_tx="0.950000" m_ty="-0.150000"/>
  </frame>
  <frame idx="25" w="362" h="709" x="-15.628036" y="-141.052856">
   <element name="head_fx_big" layername="head_fx_big" frame="0" z_index="0" m_a="1.000000" m_b="0.000000" m_c="0.000000" m_d="1.000000" m_tx="0.950000" m_ty="-0.150000"/>
  </frame>
  <frame idx="50" w="361" h="706" x="-14.907028" y="-138.851624">
   <element name="head_fx_big" layername="head_fx_big" frame="0" z_index="0" m_a="1.000000" m_b="0.000000" m_c="0.000000" m_d="1.000000" m_tx="1.671004" m_ty="2.051256"/>
  </frame>
  <frame idx="75" w="356" h="717" x="-15.310242" y="-142.736969">
   <element name="head_fx_big" layername="head_fx_big" frame="1" z_index="0" m_a="1.000000" m_b="0.000000" m_c="0.000000" m_d="1.000000" m_tx="2.408565" m_ty="4.444355"/>
  </frame>
  <frame idx="100" w="356" h="717" x="-15.310242" y="-142.736969">
   <element name="head_fx_big" layername="head_fx_big" frame="1" z_index="0" m_a="1.000000" m_b="0.000000" m_c="0.000000" m_d="1.000000" m_tx="2.408565" m_ty="4.444355"/>
  </frame>
  <frame idx="125" w="354" h="712" x="-13.331451" y="-138.279633">
   <element name="head_fx_big" layername="head_fx_big" frame="1" z_index="0" m_a="1.000000" m_b="0.000000" m_c="0.000000" m_d="1.000000" m_tx="4.387360" m_ty="8.901682"/>
  </frame>
  <frame idx="150" w="346" h="722" x="-14.886520" y="-143.859680">
   <element name="head_fx_big" layername="head_fx_big" frame="2" z_index="0" m_a="1.000000" m_b="0.000000" m_c="0.000000" m_d="1.000000" m_tx="4.991590" m_ty="10.590227"/>
  </frame>
  <frame idx="175" w="347" h="722" x="-15.205826" y="-143.288483">
   <element name="head_fx_big" layername="head_fx_big" frame="2" z_index="0" m_a="1.000000" m_b="0.000000" m_c="0.000000" m_d="1.000000" m_tx="4.672292" m_ty="11.161433"/>
  </frame>
  <frame idx="200" w="325" h="734" x="-13.933167" y="-146.105164">
   <element name="head_fx_big" layername="head_fx_big" frame="3" z_index="0" m_a="1.000000" m_b="0.000000" m_c="0.000000" m_d="1.000000" m_tx="3.510472" m_ty="13.151083"/>
  </frame>
  <frame idx="225" w="325" h="734" x="-13.933167" y="-146.105164">
   <element name="head_fx_big" layername="head_fx_big" frame="3" z_index="0" m_a="1.000000" m_b="0.000000" m_c="0.000000" m_d="1.000000" m_tx="3.510472" m_ty="13.151083"/>
  </frame>
  <frame idx="250" w="329" h="740" x="-17.320557" y="-151.223724">
   <element name="head_fx_big" layername="head_fx_big" frame="3" z_index="0" m_a="1.000000" m_b="0.000000" m_c="0.000000" m_d="1.000000" m_tx="0.123076" m_ty="8.032518"/>
  </frame>
  <frame idx="275" w="329" h="699" x="-14.092056" y="-139.088074">
   <element name="head_fx_big" layername="head_fx_big" frame="4" z_index="0" m_a="1.000000" m_b="0.000000" m_c="0.000000" m_d="1.000000" m_tx="-3.523285" m_ty="2.462119"/>
  </frame>
  <frame idx="300" w="329" h="699" x="-14.092056" y="-139.088074">
   <element name="head_fx_big" layername="head_fx_big" frame="4" z_index="0" m_a="1.000000" m_b="0.000000" m_c="0.000000" m_d="1.000000" m_tx="-3.523285" m_ty="2.462119"/>
  </frame>
  <frame idx="325" w="323" h="700" x="-8.954376" y="-140.931580">
   <element name="head_fx_big" layername="head_fx_big" frame="4" z_index="0" m_a="1.000000" m_b="0.000000" m_c="0.000000" m_d="1.000000" m_tx="1.614402" m_ty="0.618605"/>
  </frame>
  <frame idx="350" w="360" h="720" x="-15.522110" y="-143.298340">
   <element name="head_fx_big" layername="head_fx_big" frame="5" z_index="0" m_a="1.000000" m_b="0.000000" m_c="0.000000" m_d="1.000000" m_tx="3.702974" m_ty="-0.041881"/>
  </frame>
  <frame idx="375" w="361" h="722" x="-16.347519" y="-145.321259">
   <element name="head_fx_big" layername="head_fx_big" frame="5" z_index="0" m_a="1.000000" m_b="0.000000" m_c="0.000000" m_d="1.000000" m_tx="2.877561" m_ty="-2.064818"/>
  </frame>
  <frame idx="400" w="350" h="702" x="-15.045425" y="-139.930115">
   <element name="head_fx_big" layername="head_fx_big" frame="6" z_index="0" m_a="1.000000" m_b="0.000000" m_c="0.000000" m_d="1.000000" m_tx="0.317009" m_ty="-8.192698"/>
  </frame>
  <frame idx="425" w="350" h="702" x="-15.045425" y="-139.930115">
   <element name="head_fx_big" layername="head_fx_big" frame="6" z_index="0" m_a="1.000000" m_b="0.000000" m_c="0.000000" m_d="1.000000" m_tx="0.317009" m_ty="-8.192698"/>
  </frame>
  <frame idx="450" w="352" h="701" x="-17.827759" y="-138.740234">
   <element name="head_fx_big" layername="head_fx_big" frame="6" z_index="0" m_a="1.000000" m_b="0.000000" m_c="0.000000" m_d="1.000000" m_tx="-2.465339" m_ty="-7.002809"/>
  </frame>
  <frame idx="475" w="340" h="707" x="-14.621719" y="-140.772186">
   <element name="head_fx_big" layername="head_fx_big" frame="7" z_index="0" m_a="1.000000" m_b="0.000000" m_c="0.000000" m_d="1.000000" m_tx="-5.252800" m_ty="-5.772217"/>
  </frame>
  <frame idx="500" w="340" h="707" x="-14.621719" y="-140.772186">
   <element name="head_fx_big" layername="head_fx_big" frame="7" z_index="0" m_a="1.000000" m_b="0.000000" m_c="0.000000" m_d="1.000000" m_tx="-5.252800" m_ty="-5.772217"/>
  </frame>
  <frame idx="525" w="340" h="713" x="-14.939941" y="-146.906860">
   <element name="head_fx_big" layername="head_fx_big" frame="7" z_index="0" m_a="1.000000" m_b="0.000000" m_c="0.000000" m_d="1.000000" m_tx="-5.571024" m_ty="-11.906889"/>
  </frame>
  <frame idx="550" w="330" h="654" x="-14.145020" y="-130.106232">
   <element name="head_fx_big" layername="head_fx_big" frame="8" z_index="0" m_a="1.000000" m_b="0.000000" m_c="0.000000" m_d="1.000000" m_tx="-5.482454" m_ty="-13.056121"/>
  </frame>
  <frame idx="575" w="328" h="654" x="-12.937866" y="-130.056061">
   <element name="head_fx_big" layername="head_fx_big" frame="8" z_index="0" m_a="1.000000" m_b="0.000000" m_c="0.000000" m_d="1.000000" m_tx="-4.275296" m_ty="-13.005949"/>
  </frame>
  <frame idx="600" w="339" h="677" x="-14.568741" y="-134.877838">
   <element name="head_fx_big" layername="head_fx_big" frame="9" z_index="0" m_a="1.000000" m_b="0.000000" m_c="0.000000" m_d="1.000000" m_tx="-0.543710" m_ty="-13.315440"/>
  </frame>
  <frame idx="625" w="339" h="677" x="-14.568741" y="-134.877838">
   <element name="head_fx_big" layername="head_fx_big" frame="9" z_index="0" m_a="1.000000" m_b="0.000000" m_c="0.000000" m_d="1.000000" m_tx="-0.543710" m_ty="-13.315440"/>
  </frame>
  <frame idx="650" w="340" h="675" x="-15.433319" y="-132.631104">
   <element name="head_fx_big" layername="head_fx_big" frame="9" z_index="0" m_a="1.000000" m_b="0.000000" m_c="0.000000" m_d="1.000000" m_tx="-1.408289" m_ty="-11.068691"/>
  </frame>
  <frame idx="675" w="338" h="690" x="-14.515778" y="-137.403992">
   <element name="head_fx_big" layername="head_fx_big" frame="10" z_index="0" m_a="1.000000" m_b="0.000000" m_c="0.000000" m_d="1.000000" m_tx="-2.315721" m_ty="-8.841486"/>
  </frame>
  <frame idx="700" w="338" h="690" x="-14.515778" y="-137.403992">
   <element name="head_fx_big" layername="head_fx_big" frame="10" z_index="0" m_a="1.000000" m_b="0.000000" m_c="0.000000" m_d="1.000000" m_tx="-2.315721" m_ty="-8.841486"/>
  </frame>
  <frame idx="725" w="337" h="688" x="-13.433029" y="-135.605103">
   <element name="head_fx_big" layername="head_fx_big" frame="10" z_index="0" m_a="1.000000" m_b="0.000000" m_c="0.000000" m_d="1.000000" m_tx="-1.232966" m_ty="-7.042612"/>
  </frame>
  <frame idx="750" w="356" h="700" x="-15.310242" y="-139.368774">
   <element name="head_fx_big" layername="head_fx_big" frame="11" z_index="0" m_a="1.000000" m_b="0.000000" m_c="0.000000" m_d="1.000000" m_tx="-0.935289" m_ty="-6.484414"/>
  </frame>
  <frame idx="775" w="356" h="700" x="-15.310242" y="-139.368774">
   <element name="head_fx_big" layername="head_fx_big" frame="11" z_index="0" m_a="1.000000" m_b="0.000000" m_c="0.000000" m_d="1.000000" m_tx="-0.935289" m_ty="-6.484414"/>
  </frame>
 </anim>
</Anims>
